experiment_name,experiment_path,data,task,model_and_context,seed,timestamp,num_predictions,num_success_first,num_success_second,num_failures,total_time_seconds,mean_time_seconds,total_tokens,mean_tokens,tokens_per_second,aue_success_first,aue_success_second,aue_failures,rtc_success_first,rtc_success_second,rtc_failures
ss_deepseek_qt_3_42_42_20260118_032210,experiments/ss_deepseek_qt_3_42_42_20260118_032210,qt,ss,deepseek_3_42,42,20260118_032210,168,168,0,0,7752.365999999998,46.145035714285704,646456,3847.9523809523807,83.38821980283183,,,,,,
ss_gemma12_red_5_42_42_20260122_155927,experiments/ss_gemma12_red_5_42_42_20260122_155927,reddit,ss,gemma12_5_42,42,20260122_155927,48,48,0,0,2519.3392,52.48623333333333,241240,5025.833333333333,95.75526788929415,,,,,,
ms_qwen_qt_5_42_42_20260119_124632,experiments/ms_qwen_qt_5_42_42_20260119_124632,qt,ms,qwen_5_42,42,20260119_124632,168,168,0,0,5975.967799999998,35.57123690476189,1415675,8426.636904761905,236.8946834017413,168.0,0.0,0.0,168.0,0.0,0.0
ms_qwen_rip_5_42_42_20260119_154529,experiments/ms_qwen_rip_5_42_42_20260119_154529,rip,ms,qwen_5_42,42,20260119_154529,79,79,0,0,2474.3613,31.32102911392405,676329,8561.12658227848,273.3347793630623,79.0,0.0,0.0,79.0,0.0,0.0
ms_qwen_rip_0_42_42_20260119_090118,experiments/ms_qwen_rip_0_42_42_20260119_090118,rip,ms,qwen_0_42,42,20260119_090118,78,78,0,0,1318.5159000000003,16.904050000000005,145003,1859.0128205128206,109.97440379748167,78.0,0.0,0.0,78.0,0.0,0.0
ms_qwen_red_5_42_42_20260119_142627,experiments/ms_qwen_red_5_42_42_20260119_142627,reddit,ms,qwen_5_42,42,20260119_142627,151,151,0,0,4685.958200000002,31.032835761589418,1232777,8164.086092715232,263.0789578959538,151.0,0.0,0.0,151.0,0.0,0.0
ms_deepseek_qt_5_100_100_20260119_211852,experiments/ms_deepseek_qt_5_100_100_20260119_211852,qt,ms,deepseek_5_100,100,20260119_211852,84,84,0,0,4041.3401000000013,48.111191666666684,949950,11308.92857142857,235.05816795770286,84.0,0.0,0.0,84.0,0.0,0.0
ms_deepseek_qt_3_42_42_20260118_085500,experiments/ms_deepseek_qt_3_42_42_20260118_085500,qt,ms,deepseek_3_42,42,20260118_085500,161,161,0,0,6886.526999999999,42.77345962732919,1037651,6445.037267080746,150.67841888952154,161.0,0.0,0.0,161.0,0.0,0.0
ms_gemma12_red_3_42_42_20260120_055151,experiments/ms_gemma12_red_3_42_42_20260120_055151,reddit,ms,gemma12_3_42,42,20260120_055151,17,17,0,0,1027.1239,60.419052941176474,266092,15652.470588235294,259.0651429686331,17.0,0.0,0.0,17.0,0.0,0.0
ss_qwen_rip_5_42_42_20260119_094852,experiments/ss_qwen_rip_5_42_42_20260119_094852,rip,ss,qwen_5_42,42,20260119_094852,78,78,0,0,2946.9549999999995,37.78147435897435,394666,5059.820512820513,133.92332085152304,,,,,,
ss_deepseek_red_0_42_42_20260118_020159,experiments/ss_deepseek_red_0_42_42_20260118_020159,reddit,ss,deepseek_0_42,42,20260118_020159,149,149,0,0,4686.8168000000005,31.455146308724835,174894,1173.7852348993288,37.31615880526842,,,,,,
ms_gemma12_qt_0_42_42_20260119_072605,experiments/ms_gemma12_qt_0_42_42_20260119_072605,qt,ms,gemma12_0_42,42,20260119_072605,27,27,0,0,1085.2408,40.1941037037037,104676,3876.8888888888887,96.45416943410163,27.0,0.0,0.0,27.0,0.0,0.0
ss_qwen_qt_3_42_42_20260119_024410,experiments/ss_qwen_qt_3_42_42_20260119_024410,qt,ss,qwen_3_42,42,20260119_024410,168,168,0,0,5799.7306000000035,34.52220595238097,622623,3706.089285714286,107.35377950141333,,,,,,
ss_qwen_red_3_42_42_20260119_042158,experiments/ss_qwen_red_3_42_42_20260119_042158,reddit,ss,qwen_3_42,42,20260119_042158,150,150,0,0,4839.254500000002,32.26169666666668,539913,3599.42,111.56945765096665,,,,,,
ss_gemma12_qt_5_42_42_20260122_050548,experiments/ss_gemma12_qt_5_42_42_20260122_050548,qt,ss,gemma12_5_42,42,20260122_050548,60,60,0,0,3712.4243000000006,61.87373833333334,312777,5212.95,84.25141490427157,,,,,,
ms_gemma12_rip_5_123_123_20260121_155315,experiments/ms_gemma12_rip_5_123_123_20260121_155315,rip,ms,gemma12_5_123,123,20260121_155315,20,20,0,0,1095.088,54.7544,268141,13407.05,244.85794748915157,20.0,0.0,0.0,20.0,0.0,0.0
ss_qwen_red_0_42_42_20260119_004211,experiments/ss_qwen_red_0_42_42_20260119_004211,reddit,ss,qwen_0_42,42,20260119_004211,152,152,0,0,4222.143099999999,27.7772572368421,175028,1151.5,41.4547768406997,,,,,,
ms_deepseek_qt_3_100_100_20260119_164554,experiments/ms_deepseek_qt_3_100_100_20260119_164554,qt,ms,deepseek_3_100,100,20260119_164554,161,161,0,0,6874.583200000004,42.69927453416151,1037651,6445.037267080746,150.94020536401385,161.0,0.0,0.0,161.0,0.0,0.0
ss_deepseek_qt_0_42_42_20260118_003327,experiments/ss_deepseek_qt_0_42_42_20260118_003327,qt,ss,deepseek_0_42,42,20260118_003327,149,149,0,0,4353.655699999999,29.219165771812076,176069,1181.6711409395973,40.441645396993614,,,,,,
ss_gemma12_red_0_42_42_20260119_141549,experiments/ss_gemma12_red_0_42_42_20260119_141549,reddit,ss,gemma12_0_42,42,20260119_141549,103,103,0,0,4795.654899999999,46.559756310679596,135721,1317.6796116504854,28.300827067435574,,,,,,
ss_gemma12_rip_5_42_42_20260123_021027,experiments/ss_gemma12_rip_5_42_42_20260123_021027,rip,ss,gemma12_5_42,42,20260123_021027,15,15,0,0,1068.0253,71.20168666666667,82020,5468.0,76.79593357947607,,,,,,
ms_gemma12_rip_3_123_123_20260120_212820,experiments/ms_gemma12_rip_3_123_123_20260120_212820,rip,ms,gemma12_3_123,123,20260120_212820,12,12,0,0,781.1822999999999,65.098525,167420,13951.666666666666,214.31617178218198,12.0,0.0,0.0,12.0,0.0,0.0
ms_gemma12_red_3_123_123_20260120_144936,experiments/ms_gemma12_red_3_123_123_20260120_144936,reddit,ms,gemma12_3_123,123,20260120_144936,20,20,0,0,1321.9917,66.099585,255332,12766.6,193.1419085308932,20.0,0.0,0.0,20.0,0.0,0.0
ms_qwen_qt_0_42_42_20260119_071927,experiments/ms_qwen_qt_0_42_42_20260119_071927,qt,ms,qwen_0_42,42,20260119_071927,166,166,0,0,3129.2817999999997,18.85109518072289,278554,1678.0361445783133,89.01531335400986,166.0,0.0,0.0,166.0,0.0,0.0
ms_deepseek_qt_5_42_42_20260118_123903,experiments/ms_deepseek_qt_5_42_42_20260118_123903,qt,ms,deepseek_5_42,42,20260118_123903,84,84,0,0,4037.3011000000006,48.06310833333334,949950,11308.92857142857,235.29332503835295,84.0,0.0,0.0,84.0,0.0,0.0
ss_gemma12_qt_0_42_42_20260119_084425,experiments/ss_gemma12_qt_0_42_42_20260119_084425,qt,ss,gemma12_0_42,42,20260119_084425,97,97,0,0,3728.6405999999997,38.43959381443299,123741,1275.680412371134,33.186625710185105,,,,,,
ms_qwen_rip_3_42_42_20260119_120948,experiments/ms_qwen_rip_3_42_42_20260119_120948,rip,ms,qwen_3_42,42,20260119_120948,79,79,0,0,2164.6578,27.40073164556962,503411,6372.291139240507,232.5591601591716,79.0,0.0,0.0,79.0,0.0,0.0
ss_gemma12_rip_0_42_42_20260119_181420,experiments/ss_gemma12_rip_0_42_42_20260119_181420,rip,ss,gemma12_0_42,42,20260119_181420,57,57,0,0,3048.6764999999996,53.48555263157894,89714,1573.9298245614036,29.427195702791035,,,,,,
ms_qwen_qt_3_42_42_20260119_092347,experiments/ms_qwen_qt_3_42_42_20260119_092347,qt,ms,qwen_3_42,42,20260119_092347,167,167,0,0,5442.771100000004,32.59144371257487,1044773,6256.125748502994,191.95607913770235,167.0,0.0,0.0,167.0,0.0,0.0
ms_gemma12_rip_0_42_42_20260119_191619,experiments/ms_gemma12_rip_0_42_42_20260119_191619,rip,ms,gemma12_0_42,42,20260119_191619,21,21,0,0,613.3968,29.209371428571426,62717,2986.5238095238096,102.24539808489382,21.0,0.0,0.0,21.0,0.0,0.0
ss_qwen_qt_0_42_42_20260118_231829,experiments/ss_qwen_qt_0_42_42_20260118_231829,qt,ss,qwen_0_42,42,20260118_231829,162,162,0,0,4530.6064,27.966706172839505,198261,1223.8333333333333,43.76036726562696,,,,,,
ms_deepseek_red_0_42_42_20260117_213022,experiments/ms_deepseek_red_0_42_42_20260117_213022,reddit,ms,deepseek_0_42,42,20260117_213022,0,0,0,0,0.0,0.0,0,0.0,0.0,0.0,0.0,0.0,0.0,0.0,0.0
ms_deepseek_rip_0_100_100_20260119_154334,experiments/ms_deepseek_rip_0_100_100_20260119_154334,rip,ms,deepseek_0_100,100,20260119_154334,76,76,0,0,3272.353199999999,43.05727894736841,195671,2574.6184210526317,59.795195701979864,76.0,0.0,0.0,76.0,0.0,0.0
ms_gemma12_red_0_123_123_20260119_232937,experiments/ms_gemma12_red_0_123_123_20260119_232937,reddit,ms,gemma12_0_123,123,20260119_232937,57,57,0,0,1654.6317000000001,29.028626315789477,129250,2267.5438596491226,78.11406006545141,57.0,0.0,0.0,57.0,0.0,0.0
ms_deepseek_rip_3_100_100_20260119_202328,experiments/ms_deepseek_rip_3_100_100_20260119_202328,rip,ms,deepseek_3_100,100,20260119_202328,63,63,0,0,2606.6266,41.3750253968254,436169,6923.31746031746,167.3308328856922,63.0,0.0,0.0,63.0,0.0,0.0
ss_gemma12_rip_3_42_42_20260121_233447,experiments/ss_gemma12_rip_3_42_42_20260121_233447,rip,ss,gemma12_3_42,42,20260121_233447,22,22,0,0,1355.3721000000003,61.60782272727274,90409,4109.5,66.7041914172499,,,,,,
ss_deepseek_rip_0_42_42_20260118_142123,experiments/ss_deepseek_rip_0_42_42_20260118_142123,rip,ss,deepseek_0_42,42,20260118_142123,79,79,0,0,3303.9240999999997,41.821824050632905,121134,1533.3417721518988,36.66367517340971,,,,,,
ms_deepseek_red_3_100_100_20260119_184811,experiments/ms_deepseek_red_3_100_100_20260119_184811,reddit,ms,deepseek_3_100,100,20260119_184811,146,146,0,0,5456.0339,37.37009520547945,908337,6221.486301369863,166.4830198360754,146.0,0.0,0.0,146.0,0.0,0.0
ss_qwen_qt_5_42_42_20260119_063427,experiments/ss_qwen_qt_5_42_42_20260119_063427,qt,ss,qwen_5_42,42,20260119_063427,168,168,0,0,6371.436999999999,37.925220238095235,830119,4941.184523809524,130.28756307250626,,,,,,
ms_gemma12_qt_3_42_42_20260119_215233,experiments/ms_gemma12_qt_3_42_42_20260119_215233,qt,ms,gemma12_3_42,42,20260119_215233,24,24,0,0,1906.1347,79.42227916666667,423378,17640.75,222.11336900797198,24.0,0.0,0.0,24.0,0.0,0.0
ms_deepseek_rip_5_100_100_20260120_004935,experiments/ms_deepseek_rip_5_100_100_20260120_004935,rip,ms,deepseek_5_100,100,20260120_004935,12,12,0,0,529.7142000000001,44.14285000000001,157922,13160.166666666666,298.12680120714145,12.0,0.0,0.0,12.0,0.0,0.0
ms_gemma12_red_0_42_42_20260119_144017,experiments/ms_gemma12_red_0_42_42_20260119_144017,reddit,ms,gemma12_0_42,42,20260119_144017,55,55,0,0,1593.0470999999998,28.964492727272724,115938,2107.9636363636364,72.77750921488763,55.0,0.0,0.0,55.0,0.0,0.0
ms_deepseek_rip_3_42_42_20260119_003003,experiments/ms_deepseek_rip_3_42_42_20260119_003003,rip,ms,deepseek_3_42,42,20260119_003003,63,63,0,0,2602.4983999999995,41.3094984126984,436169,6923.31746031746,167.5962605779124,63.0,0.0,0.0,63.0,0.0,0.0
ss_deepseek_red_3_42_42_20260118_053149,experiments/ss_deepseek_red_3_42_42_20260118_053149,reddit,ss,deepseek_3_42,42,20260118_053149,150,150,0,0,5858.476800000004,39.056512000000026,550824,3672.16,94.02170885101049,,,,,,
ss_gemma12_red_3_42_42_20260121_132401,experiments/ss_gemma12_red_3_42_42_20260121_132401,reddit,ss,gemma12_3_42,42,20260121_132401,44,44,0,0,2482.8767000000003,56.429015909090914,170797,3881.75,68.78996447950878,,,,,,
ss_deepseek_red_5_42_42_20260118_092633,experiments/ss_deepseek_red_5_42_42_20260118_092633,reddit,ss,deepseek_5_42,42,20260118_092633,148,148,0,0,5985.825200000002,40.44476486486488,719621,4862.304054054054,120.22085108666383,,,,,,
ms_deepseek_red_5_42_42_20260118_144038,experiments/ms_deepseek_red_5_42_42_20260118_144038,reddit,ms,deepseek_5_42,42,20260118_144038,67,67,0,0,2207.7745,32.95185820895522,737226,11003.373134328358,333.922690021105,67.0,0.0,0.0,67.0,0.0,0.0
ss_deepseek_rip_5_42_42_20260118_183033,experiments/ss_deepseek_rip_5_42_42_20260118_183033,rip,ss,deepseek_5_42,42,20260118_183033,77,77,0,0,3895.7745999999997,50.59447532467532,401088,5208.935064935065,102.95462165598596,,,,,,
ms_gemma12_qt_5_42_42_20260120_165120,experiments/ms_gemma12_qt_5_42_42_20260120_165120,qt,ms,gemma12_5_42,42,20260120_165120,20,20,0,0,1054.1343,52.706714999999996,417310,20865.5,395.8793485801572,20.0,0.0,0.0,20.0,0.0,0.0
ms_deepseek_red_3_42_42_20260118_110336,experiments/ms_deepseek_red_3_42_42_20260118_110336,reddit,ms,deepseek_3_42,42,20260118_110336,146,146,0,0,5457.737300000001,37.38176232876713,908337,6221.486301369863,166.4310592596679,146.0,0.0,0.0,146.0,0.0,0.0
ms_deepseek_qt_0_100_100_20260119_125339,experiments/ms_deepseek_qt_0_100_100_20260119_125339,qt,ms,deepseek_0_100,100,20260119_125339,141,141,0,0,4261.0855,30.220464539007093,273478,1939.5602836879432,64.18035967595581,141.0,0.0,0.0,141.0,0.0,0.0
ss_qwen_red_5_42_42_20260119_082151,experiments/ss_qwen_red_5_42_42_20260119_082151,reddit,ss,qwen_5_42,42,20260119_082151,150,150,0,0,5051.417399999998,33.676115999999986,720996,4806.64,142.73142425331952,,,,,,
ss_deepseek_qt_5_42_42_20260118_071220,experiments/ss_deepseek_qt_5_42_42_20260118_071220,qt,ss,deepseek_5_42,42,20260118_071220,168,168,0,0,8029.033400000003,47.791865476190495,847358,5043.797619047619,105.5367387063055,,,,,,
ms_qwen_red_3_42_42_20260119_105628,experiments/ms_qwen_red_3_42_42_20260119_105628,reddit,ms,qwen_3_42,42,20260119_105628,151,151,0,0,4351.0046999999995,28.814600662251653,907466,6009.7086092715235,208.56470230887135,151.0,0.0,0.0,151.0,0.0,0.0
ss_gemma12_qt_3_42_42_20260121_020957,experiments/ss_gemma12_qt_3_42_42_20260121_020957,qt,ss,gemma12_3_42,42,20260121_020957,50,50,0,0,2922.7741999999994,58.455483999999984,198809,3976.18,68.02064969644252,,,,,,
ms_gemma12_red_5_42_42_20260121_010259,experiments/ms_gemma12_red_5_42_42_20260121_010259,reddit,ms,gemma12_5_42,42,20260121_010259,18,18,0,0,1219.3004000000003,67.73891111111112,296192,16455.11111111111,242.91962833769261,18.0,0.0,0.0,18.0,0.0,0.0
ms_deepseek_red_0_100_100_20260119_142857,experiments/ms_deepseek_red_0_100_100_20260119_142857,reddit,ms,deepseek_0_100,100,20260119_142857,146,146,0,0,4266.053199999998,29.219542465753406,254713,1744.609589041096,59.70694411405843,146.0,0.0,0.0,146.0,0.0,0.0
ss_deepseek_rip_3_42_42_20260118_160853,experiments/ss_deepseek_rip_3_42_42_20260118_160853,rip,ss,deepseek_3_42,42,20260118_160853,77,77,0,0,3705.9912000000004,48.12975584415585,308786,4010.2077922077924,83.32075909948193,,,,,,
ms_gemma12_qt_3_123_123_20260120_064601,experiments/ms_gemma12_qt_3_123_123_20260120_064601,qt,ms,gemma12_3_123,123,20260120_064601,16,16,0,0,1108.0864000000001,69.25540000000001,255271,15954.4375,230.37102521969402,16.0,0.0,0.0,16.0,0.0,0.0
ms_qwen_red_0_42_42_20260119_081701,experiments/ms_qwen_red_0_42_42_20260119_081701,reddit,ms,qwen_0_42,42,20260119_081701,151,151,0,0,2626.1363,17.391631125827814,225657,1494.4172185430464,85.92737551360148,151.0,0.0,0.0,151.0,0.0,0.0
ms_gemma12_red_5_123_123_20260121_085556,experiments/ms_gemma12_red_5_123_123_20260121_085556,reddit,ms,gemma12_5_123,123,20260121_085556,11,11,0,0,549.5099,49.955445454545455,219781,19980.090909090908,399.95821731328226,11.0,0.0,0.0,11.0,0.0,0.0
ms_deepseek_qt_0_42_42_20260117_201001,experiments/ms_deepseek_qt_0_42_42_20260117_201001,qt,ms,deepseek_0_42,42,20260117_201001,0,0,0,0,0.0,0.0,0,0.0,0.0,0.0,0.0,0.0,0.0,0.0,0.0
ss_qwen_rip_0_42_42_20260119_015339,experiments/ss_qwen_rip_0_42_42_20260119_015339,rip,ss,qwen_0_42,42,20260119_015339,79,79,0,0,2989.2798000000007,37.83898481012659,119471,1512.2911392405063,39.966482896649545,,,,,,
ms_gemma12_qt_0_123_123_20260119_171301,experiments/ms_gemma12_qt_0_123_123_20260119_171301,qt,ms,gemma12_0_123,123,20260119_171301,33,33,0,0,1296.3357,39.282900000000005,119199,3612.090909090909,91.95071924656553,33.0,0.0,0.0,33.0,0.0,0.0
ms_deepseek_rip_5_42_42_20260119_012523,experiments/ms_deepseek_rip_5_42_42_20260119_012523,rip,ms,deepseek_5_42,42,20260119_012523,12,12,0,0,527.7457,43.97880833333334,157922,13160.166666666666,299.2388189993779,12.0,0.0,0.0,12.0,0.0,0.0
ms_gemma12_qt_5_123_123_20260121_011553,experiments/ms_gemma12_qt_5_123_123_20260121_011553,qt,ms,gemma12_5_123,123,20260121_011553,15,15,0,0,1126.0305,75.0687,355887,23725.8,316.05449408341957,15.0,0.0,0.0,15.0,0.0,0.0
ms_gemma12_rip_5_42_42_20260121_075303,experiments/ms_gemma12_rip_5_42_42_20260121_075303,rip,ms,gemma12_5_42,42,20260121_075303,10,10,0,0,503.4855,50.34855,192802,19280.2,382.9345631602102,10.0,0.0,0.0,10.0,0.0,0.0
ms_gemma12_rip_3_42_42_20260120_131346,experiments/ms_gemma12_rip_3_42_42_20260120_131346,rip,ms,gemma12_3_42,42,20260120_131346,15,15,0,0,1190.6195,79.37463333333334,203526,13568.4,170.9412620908695,15.0,0.0,0.0,15.0,0.0,0.0
ms_gemma12_rip_0_123_123_20260120_034943,experiments/ms_gemma12_rip_0_123_123_20260120_034943,rip,ms,gemma12_0_123,123,20260120_034943,21,21,0,0,536.2276,25.53464761904762,59403,2828.714285714286,110.7794526055727,21.0,0.0,0.0,21.0,0.0,0.0
ms_deepseek_red_5_100_100_20260119_232038,experiments/ms_deepseek_red_5_100_100_20260119_232038,reddit,ms,deepseek_5_100,100,20260119_232038,67,67,0,0,2213.944299999999,33.04394477611939,737226,11003.373134328358,332.99211728136083,67.0,0.0,0.0,67.0,0.0,0.0
ms_deepseek_rip_0_42_42_20260118_232400,experiments/ms_deepseek_rip_0_42_42_20260118_232400,rip,ms,deepseek_0_42,42,20260118_232400,76,76,0,0,3266.4863999999993,42.98008421052631,195671,2574.6184210526317,59.90259135932727,76.0,0.0,0.0,76.0,0.0,0.0
ss_qwen_rip_3_42_42_20260119_054756,experiments/ss_qwen_rip_3_42_42_20260119_054756,rip,ss,qwen_3_42,42,20260119_054756,78,78,0,0,2707.3413999999993,34.70950512820512,298638,3828.6923076923076,110.30673855908977,,,,,,
